USE `hugo_oauth`;

INSERT INTO `user_roles` (`id`, `user_role`) VALUES ('1', 'editor'), ('2', 'administrator');
INSERT INTO `token_type` (`id`, `token_type`) VALUES ('1', 'bearer');

/* Test user based on Docs */
/* Password hash created via password_hash('secretPassword', PASSWORD_BCRYPT); */
INSERT INTO `users` (`id`, `user_name`, `user_logon`, `user_secret`, `active`, `user_role`)
          VALUES    ('1', 'Anna Edwards', 'a.edwards', '$2y$10$Wd6D0PRfcs6I256zcfhr0ux7mjOOCDUvYEclIu.PD9oDFG2mr7216', true, '2'),
                    ('2', 'John Scott', 'j.scott', '$2y$10$9gWHdvzFAepBFvx.Kki0k.82SS3eK6HLp..bnX7rkAUUjFizMe9Ny', true, '1');

/**
 Geography data
 */
USE `hugo_geography`;
INSERT INTO region (`region_code`, `region_name`)
VALUES	('A', 'North East'),
        ('B', 'North West'),
        ('D', 'Yorkshire and the Humber'),
        ('E', 'East Midlands'),
        ('F', 'West Midlands'),
        ('G', 'East of England'),
        ('H', 'London'),
        ('J', 'South East'),
        ('K', 'South West');

INSERT INTO lep (`lep_code`, `lep_name`)
VALUES	('LEP01','The Black Country'),
        ('LEP02','Tees Valley'),
        ('LEP03','Birmingham & Solihull'),
        ('LEP04','Cheshire and Warrington'),
        ('LEP05','Coast to Capital'),
        ('LEP06','Cornwall & the Isles of Scilly'),
        ('LEP07','Coventry & Warwickshire'),
        ('LEP08','Cumbria'),
        ('LEP09','Enterprise M3'),
        ('LEP10','Greater Cambridge & Greater Peterborough'),
        ('LEP11','Greater Manchester'),
        ('LEP12','Hertfordshire'),
        ('LEP13','Kent, Greater Essex & East Sussex'),
        ('LEP14','Leeds City Region'),
        ('LEP15','Leicester & Leicestershire'),
        ('LEP16','Lincolnshire'),
        ('LEP17','Liverpool City Region'),
        ('LEP18','New Anglia'),
        ('LEP19','North Eastern Partnership'),
        ('LEP20','Nottingham & Derby'),
        ('LEP21','Oxfordshire City Region'),
        ('LEP22','Sheffield City Region'),
        ('LEP23','Solent'),
        ('LEP24','South East Midlands'),
        ('LEP25','Stoke-on-Trent & Staffordshire'),
        ('LEP26','Thames Valley Berkshire'),
        ('LEP27','The Marches'),
        ('LEP28','West of England'),
        ('LEP29','Worcestershire'),
        ('LEP30','York and North Yorkshire'),
        ('LEP31','Pan London'),
        ('LEP32','Dorset'),
        ('LEP33','Gloucestershire'),
        ('LEP34','Heart of the South West'),
        ('LEP35','Humber'),
        ('LEP36','Lancashire'),
        ('LEP37','Northamptonshire'),
        ('LEP38','Swindon and Wiltshire'),
        ('LEP39','Buckinghamshire Thames Valley');

/* Local Authorities includes Counties */
INSERT INTO local_authority (`la_code`, `la_name`, `lep_1`, `lep_2`, `region`)
VALUES	('11','Buckinghamshire',NULL,NULL,'J'),
        ('12','Cambridgeshire',NULL,NULL,'G'),
        ('16','Cumbria',NULL,NULL,'B'),
        ('17','Derbyshire',NULL,NULL,'E'),
        ('18','Devon',NULL,NULL,'K'),
        ('19','Dorset',NULL,NULL,'K'),
        ('21','East Sussex',NULL,NULL,'J'),
        ('22','Essex',NULL,NULL,'G'),
        ('23','Gloucestershire',NULL,NULL,'K'),
        ('24','Hampshire',NULL,NULL,'J'),
        ('26','Hertfordshire',NULL,NULL,'G'),
        ('29','Kent',NULL,NULL,'J'),
        ('30','Lancashire',NULL,NULL,'B'),
        ('31','Leicestershire',NULL,NULL,'E'),
        ('32','Lincolnshire',NULL,NULL,'E'),
        ('33','Norfolk',NULL,NULL,'G'),
        ('34','Northamptonshire',NULL,NULL,'E'),
        ('36','North Yorkshire',NULL,NULL,'D'),
        ('37','Nottinghamshire',NULL,NULL,'E'),
        ('38','Oxfordshire',NULL,NULL,'J'),
        ('40','Somerset',NULL,NULL,'K'),
        ('41','Staffordshire',NULL,NULL,'F'),
        ('42','Suffolk',NULL,NULL,'G'),
        ('43','Surrey',NULL,NULL,'J'),
        ('44','Warwickshire',NULL,NULL,'F'),
        ('45','West Sussex',NULL,NULL,'J'),
        ('47','Worcestershire',NULL,NULL,'F'),
        ('00AA','City of London','LEP31',NULL,'H'),
        ('00AB','Barking and Dagenham','LEP31',NULL,'H'),
        ('00AC','Barnet','LEP31',NULL,'H'),
        ('00AD','Bexley','LEP31',NULL,'H'),
        ('00AE','Brent','LEP31',NULL,'H'),
        ('00AF','Bromley','LEP31',NULL,'H'),
        ('00AG','Camden','LEP31',NULL,'H'),
        ('00AH','Croydon','LEP31','LEP05','H'),
        ('00AJ','Ealing','LEP31',NULL,'H'),
        ('00AK','Enfield','LEP31',NULL,'H'),
        ('00AL','Greenwich','LEP31',NULL,'H'),
        ('00AM','Hackney','LEP31',NULL,'H'),
        ('00AN','Hammersmith and Fulham','LEP31',NULL,'H'),
        ('00AP','Haringey','LEP31',NULL,'H'),
        ('00AQ','Harrow','LEP31',NULL,'H'),
        ('00AR','Havering','LEP31',NULL,'H'),
        ('00AS','Hillingdon','LEP31',NULL,'H'),
        ('00AT','Hounslow','LEP31',NULL,'H'),
        ('00AU','Islington','LEP31',NULL,'H'),
        ('00AW','Kensington and Chelsea','LEP31',NULL,'H'),
        ('00AX','Kingston upon Thames','LEP31',NULL,'H'),
        ('00AY','Lambeth','LEP31',NULL,'H'),
        ('00AZ','Lewisham','LEP31',NULL,'H'),
        ('00BA','Merton','LEP31',NULL,'H'),
        ('00BB','Newham','LEP31',NULL,'H'),
        ('00BC','Redbridge','LEP31',NULL,'H'),
        ('00BD','Richmond upon Thames','LEP31',NULL,'H'),
        ('00BE','Southwark','LEP31',NULL,'H'),
        ('00BF','Sutton','LEP31',NULL,'H'),
        ('00BG','Tower Hamlets','LEP31',NULL,'H'),
        ('00BH','Waltham Forest','LEP31',NULL,'H'),
        ('00BJ','Wandsworth','LEP31',NULL,'H'),
        ('00BK','Westminster','LEP31',NULL,'H'),
        ('00BL','Bolton','LEP11',NULL,'B'),
        ('00BM','Bury','LEP11',NULL,'B'),
        ('00BN','Manchester','LEP11',NULL,'B'),
        ('00BP','Oldham','LEP11',NULL,'B'),
        ('00BQ','Rochdale','LEP11',NULL,'B'),
        ('00BR','Salford','LEP11',NULL,'B'),
        ('00BS','Stockport','LEP11',NULL,'B'),
        ('00BT','Tameside','LEP11',NULL,'B'),
        ('00BU','Trafford','LEP11',NULL,'B'),
        ('00BW','Wigan','LEP11',NULL,'B'),
        ('00BX','Knowsley','LEP17',NULL,'B'),
        ('00BY','Liverpool','LEP17',NULL,'B'),
        ('00BZ','St. Helens','LEP17',NULL,'B'),
        ('00CA','Sefton','LEP17',NULL,'B'),
        ('00CB','Wirral','LEP17',NULL,'B'),
        ('00CC','Barnsley','LEP14','LEP22','D'),
        ('00CE','Doncaster','LEP22',NULL,'D'),
        ('00CF','Rotherham','LEP22',NULL,'D'),
        ('00CG','Sheffield','LEP22',NULL,'D'),
        ('00CH','Gateshead','LEP19',NULL,'A'),
        ('00CJ','Newcastle upon Tyne','LEP19',NULL,'A'),
        ('00CK','North Tyneside','LEP19',NULL,'A'),
        ('00CL','South Tyneside','LEP19',NULL,'A'),
        ('00CM','Sunderland','LEP19',NULL,'A'),
        ('00CN','Birmingham','LEP03',NULL,'F'),
        ('00CQ','Coventry','LEP07',NULL,'F'),
        ('00CR','Dudley','LEP01',NULL,'F'),
        ('00CS','Sandwell','LEP01',NULL,'F'),
        ('00CT','Solihull','LEP03',NULL,'F'),
        ('00CU','Walsall','LEP01',NULL,'F'),
        ('00CW','Wolverhampton','LEP01',NULL,'F'),
        ('00CX','Bradford','LEP14',NULL,'D'),
        ('00CY','Calderdale','LEP14',NULL,'D'),
        ('00CZ','Kirklees','LEP14',NULL,'D'),
        ('00DA','Leeds','LEP14',NULL,'D'),
        ('00DB','Wakefield','LEP14',NULL,'D'),
        ('00EB','Hartlepool','LEP02',NULL,'A'),
        ('00EC','Middlesbrough','LEP02',NULL,'A'),
        ('00EE','Redcar and Cleveland','LEP02',NULL,'A'),
        ('00EF','Stockton-on-Tees','LEP02',NULL,'A'),
        ('00EH','Darlington','LEP02',NULL,'A'),
        ('00EJ','County Durham','LEP19',NULL,'A'),
        ('00EM','Northumberland','LEP19',NULL,'A'),
        ('00EQ','Cheshire East','LEP04',NULL,'B'),
        ('00ET','Halton','LEP17',NULL,'B'),
        ('00EU','Warrington','LEP04',NULL,'B'),
        ('00EW','Cheshire West & Chester','LEP04',NULL,'B'),
        ('00EX','Blackburn with Darwen','LEP36',NULL,'B'),
        ('00EY','Blackpool','LEP36',NULL,'B'),
        ('00FA','Kingston upon Hull','LEP35',NULL,'D'),
        ('00FB','East Riding of Yorkshire','LEP30','LEP35','D'),
        ('00FC','North East Lincolnshire','LEP16','LEP35','D'),
        ('00FD','North Lincolnshire','LEP16','LEP35','D'),
        ('00FF','York','LEP14','LEP30','D'),
        ('00FK','Derby','LEP20',NULL,'E'),
        ('00FN','Leicester','LEP15',NULL,'E'),
        ('00FP','Rutland','LEP10',NULL,'E'),
        ('00FY','Nottingham','LEP20',NULL,'E'),
        ('00GA','Herefordshire','LEP27',NULL,'F'),
        ('00GF','Telford and Wrekin','LEP27',NULL,'F'),
        ('00GG','Shropshire','LEP27',NULL,'F'),
        ('00GL','Stoke-on-Trent','LEP25',NULL,'F'),
        ('00HA','Bath and North East Somerset','LEP28',NULL,'K'),
        ('00HB','Bristol, City of','LEP28',NULL,'K'),
        ('00HC','North Somerset','LEP28',NULL,'K'),
        ('00HD','South Gloucestershire','LEP28',NULL,'K'),
        ('00HE','Cornwall','LEP06',NULL,'K'),
        ('00HF','Isles of Scilly','LEP06',NULL,'K'),
        ('00HG','Plymouth','LEP34',NULL,'K'),
        ('00HH','Torbay','LEP34',NULL,'K'),
        ('00HN','Bournemouth','LEP32',NULL,'K'),
        ('00HP','Poole','LEP32',NULL,'K'),
        ('00HX','Swindon','LEP38',NULL,'K'),
        ('00HY','Wiltshire','LEP38',NULL,'K'),
        ('00JA','Peterborough','LEP10',NULL,'G'),
        ('00KA','Luton','LEP24',NULL,'G'),
        ('00KB','Bedford','LEP24',NULL,'G'),
        ('00KC','Central Bedfordshire','LEP24',NULL,'G'),
        ('00KF','Southend-on-Sea','LEP13',NULL,'G'),
        ('00KG','Thurrock','LEP13',NULL,'G'),
        ('00LC','Medway','LEP13',NULL,'J'),
        ('00MA','Bracknell Forest','LEP26',NULL,'J'),
        ('00MB','West Berkshire','LEP26',NULL,'J'),
        ('00MC','Reading','LEP26',NULL,'J'),
        ('00MD','Slough','LEP26',NULL,'J'),
        ('00ME','Windsor and Maidenhead','LEP26',NULL,'J'),
        ('00MF','Wokingham','LEP26',NULL,'J'),
        ('00MG','Milton Keynes','LEP24',NULL,'J'),
        ('00ML','Brighton and Hove','LEP05',NULL,'J'),
        ('00MR','Portsmouth','LEP23',NULL,'J'),
        ('00MS','Southampton','LEP23',NULL,'J'),
        ('00MW','Isle of Wight','LEP23',NULL,'J'),
        ('11UB','Aylesbury Vale','LEP24','LEP39','J'),
        ('11UC','Chiltern','LEP39',NULL,'J'),
        ('11UE','South Bucks','LEP39',NULL,'J'),
        ('11UF','Wycombe','LEP39',NULL,'J'),
        ('12UB','Cambridge','LEP10',NULL,'G'),
        ('12UC','East Cambridgeshire','LEP10',NULL,'G'),
        ('12UD','Fenland','LEP10',NULL,'G'),
        ('12UE','Huntingdonshire','LEP10',NULL,'G'),
        ('12UG','South Cambridgeshire','LEP10',NULL,'G'),
        ('16UB','Allerdale','LEP08',NULL,'B'),
        ('16UC','Barrow-in-Furness','LEP08',NULL,'B'),
        ('16UD','Carlisle','LEP08',NULL,'B'),
        ('16UE','Copeland','LEP08',NULL,'B'),
        ('16UF','Eden','LEP08',NULL,'B'),
        ('16UG','South Lakeland','LEP08',NULL,'B'),
        ('17UB','Amber Valley','LEP20',NULL,'E'),
        ('17UC','Bolsover','LEP22','LEP20','E'),
        ('17UD','Chesterfield','LEP22','LEP20','E'),
        ('17UF','Derbyshire Dales','LEP20',NULL,'E'),
        ('17UG','Erewash','LEP20',NULL,'E'),
        ('17UH','High Peak','LEP20',NULL,'E'),
        ('17UJ','North East Derbyshire','LEP22','LEP20','E'),
        ('17UK','South Derbyshire','LEP20',NULL,'E'),
        ('18UB','East Devon','LEP34',NULL,'K'),
        ('18UC','Exeter','LEP34',NULL,'K'),
        ('18UD','Mid Devon','LEP34',NULL,'K'),
        ('18UE','North Devon','LEP34',NULL,'K'),
        ('18UG','South Hams','LEP34',NULL,'K'),
        ('18UH','Teignbridge','LEP34',NULL,'K'),
        ('18UK','Torridge','LEP34',NULL,'K'),
        ('18UL','West Devon','LEP34',NULL,'K'),
        ('19UC','Christchurch','LEP32',NULL,'K'),
        ('19UD','East Dorset','LEP32',NULL,'K'),
        ('19UE','North Dorset','LEP32',NULL,'K'),
        ('19UG','Purbeck','LEP32',NULL,'K'),
        ('19UH','West Dorset','LEP32',NULL,'K'),
        ('19UJ','Weymouth and Portland','LEP32',NULL,'K'),
        ('21UC','Eastbourne','LEP13',NULL,'J'),
        ('21UD','Hastings','LEP13',NULL,'J'),
        ('21UF','Lewes','LEP13','LEP05','J'),
        ('21UG','Rother','LEP13',NULL,'J'),
        ('21UH','Wealden','LEP13',NULL,'J'),
        ('22UB','Basildon','LEP13',NULL,'G'),
        ('22UC','Braintree','LEP13',NULL,'G'),
        ('22UD','Brentwood','LEP13',NULL,'G'),
        ('22UE','Castle Point','LEP13',NULL,'G'),
        ('22UF','Chelmsford','LEP13',NULL,'G'),
        ('22UG','Colchester','LEP13',NULL,'G'),
        ('22UH','Epping Forest','LEP13',NULL,'G'),
        ('22UJ','Harlow','LEP13',NULL,'G'),
        ('22UK','Maldon','LEP13',NULL,'G'),
        ('22UL','Rochford','LEP13',NULL,'G'),
        ('22UN','Tendring','LEP13',NULL,'G'),
        ('22UQ','Uttlesford','LEP10','LEP13','G'),
        ('23UB','Cheltenham','LEP33',NULL,'K'),
        ('23UC','Cotswold','LEP33',NULL,'K'),
        ('23UD','Forest of Dean','LEP33',NULL,'K'),
        ('23UE','Gloucester','LEP33',NULL,'K'),
        ('23UF','Stroud','LEP33',NULL,'K'),
        ('23UG','Tewkesbury','LEP33',NULL,'K'),
        ('24UB','Basingstoke and Deane','LEP09',NULL,'J'),
        ('24UC','East Hampshire','LEP23','LEP09','J'),
        ('24UD','Eastleigh','LEP23',NULL,'J'),
        ('24UE','Fareham','LEP23',NULL,'J'),
        ('24UF','Gosport','LEP23',NULL,'J'),
        ('24UG','Hart','LEP09',NULL,'J'),
        ('24UH','Havant','LEP23',NULL,'J'),
        ('24UJ','New Forest','LEP23','LEP09','J'),
        ('24UL','Rushmoor','LEP09',NULL,'J'),
        ('24UN','Test Valley','LEP23','LEP09','J'),
        ('24UP','Winchester','LEP23','LEP09','J'),
        ('26UB','Broxbourne','LEP12',NULL,'G'),
        ('26UC','Dacorum','LEP12','LEP24','G'),
        ('26UD','East Hertfordshire','LEP12',NULL,'G'),
        ('26UE','Hertsmere','LEP12',NULL,'G'),
        ('26UF','North Hertfordshire','LEP10','LEP12','G'),
        ('26UG','St Albans','LEP12',NULL,'G'),
        ('26UH','Stevenage','LEP12',NULL,'G'),
        ('26UJ','Three Rivers','LEP12',NULL,'G'),
        ('26UK','Watford','LEP12',NULL,'G'),
        ('26UL','Welwyn Hatfield','LEP12',NULL,'G'),
        ('29UB','Ashford','LEP13',NULL,'J'),
        ('29UC','Canterbury','LEP13',NULL,'J'),
        ('29UD','Dartford','LEP13',NULL,'J'),
        ('29UE','Dover','LEP13',NULL,'J'),
        ('29UG','Gravesham','LEP13',NULL,'J'),
        ('29UH','Maidstone','LEP13',NULL,'J'),
        ('29UK','Sevenoaks','LEP13',NULL,'J'),
        ('29UL','Shepway','LEP13',NULL,'J'),
        ('29UM','Swale','LEP13',NULL,'J'),
        ('29UN','Thanet','LEP13',NULL,'J'),
        ('29UP','Tonbridge and Malling','LEP13',NULL,'J'),
        ('29UQ','Tunbridge Wells','LEP13',NULL,'J'),
        ('30UD','Burnley','LEP36',NULL,'B'),
        ('30UE','Chorley','LEP36',NULL,'B'),
        ('30UF','Fylde','LEP36',NULL,'B'),
        ('30UG','Hyndburn','LEP36',NULL,'B'),
        ('30UH','Lancaster','LEP36',NULL,'B'),
        ('30UJ','Pendle','LEP36',NULL,'B'),
        ('30UK','Preston','LEP36',NULL,'B'),
        ('30UL','Ribble Valley','LEP36',NULL,'B'),
        ('30UM','Rossendale','LEP36',NULL,'B'),
        ('30UN','South Ribble','LEP36',NULL,'B'),
        ('30UP','West Lancashire','LEP36',NULL,'B'),
        ('30UQ','Wyre','LEP36',NULL,'B'),
        ('31UB','Blaby','LEP15',NULL,'E'),
        ('31UC','Charnwood','LEP15',NULL,'E'),
        ('31UD','Harborough','LEP15',NULL,'E'),
        ('31UE','Hinckley and Bosworth','LEP15',NULL,'E'),
        ('31UG','Melton','LEP15',NULL,'E'),
        ('31UH','North West Leicestershire','LEP15',NULL,'E'),
        ('31UJ','Oadby and Wigston','LEP15',NULL,'E'),
        ('32UB','Boston','LEP16',NULL,'E'),
        ('32UC','East Lindsey','LEP16',NULL,'E'),
        ('32UD','Lincoln','LEP16',NULL,'E'),
        ('32UE','North Kesteven','LEP16',NULL,'E'),
        ('32UF','South Holland','LEP16',NULL,'E'),
        ('32UG','South Kesteven','LEP16',NULL,'E'),
        ('32UH','West Lindsey','LEP16',NULL,'E'),
        ('33UB','Breckland','LEP18',NULL,'G'),
        ('33UC','Broadland','LEP18',NULL,'G'),
        ('33UD','Great Yarmouth','LEP18',NULL,'G'),
        ('33UE','Kings Lynn and West Norfolk','LEP10','LEP18','G'),
        ('33UF','North Norfolk','LEP18',NULL,'G'),
        ('33UG','Norwich','LEP18',NULL,'G'),
        ('33UH','South Norfolk','LEP18',NULL,'G'),
        ('34UB','Corby','LEP24','LEP37','E'),
        ('34UC','Daventry','LEP24','LEP37','E'),
        ('34UD','East Northamptonshire','LEP37',NULL,'E'),
        ('34UE','Kettering','LEP24','LEP37','E'),
        ('34UF','Northampton','LEP24','LEP37','E'),
        ('34UG','South Northamptonshire','LEP24','LEP37','E'),
        ('34UH','Wellingborough','LEP37',NULL,'E'),
        ('36UB','Craven','LEP14','LEP30','D'),
        ('36UC','Hambleton','LEP30',NULL,'D'),
        ('36UD','Harrogate','LEP14','LEP30','D'),
        ('36UE','Richmondshire','LEP30',NULL,'D'),
        ('36UF','Ryedale','LEP30',NULL,'D'),
        ('36UG','Scarborough','LEP30',NULL,'D'),
        ('36UH','Selby','LEP14','LEP30','D'),
        ('37UB','Ashfield','LEP20',NULL,'E'),
        ('37UC','Bassetlaw','LEP22','LEP20','E'),
        ('37UD','Broxtowe','LEP20',NULL,'E'),
        ('37UE','Gedling','LEP20',NULL,'E'),
        ('37UF','Mansfield','LEP20',NULL,'E'),
        ('37UG','Newark and Sherwood','LEP20',NULL,'E'),
        ('37UJ','Rushcliffe','LEP20',NULL,'E'),
        ('38UB','Cherwell','LEP21','LEP24','J'),
        ('38UC','Oxford','LEP21',NULL,'J'),
        ('38UD','South Oxfordshire','LEP21',NULL,'J'),
        ('38UE','Vale of White Horse','LEP21',NULL,'J'),
        ('38UF','West Oxfordshire','LEP21',NULL,'J'),
        ('40UB','Mendip','LEP34',NULL,'K'),
        ('40UC','Sedgemoor','LEP34',NULL,'K'),
        ('40UD','South Somerset','LEP34',NULL,'K'),
        ('40UE','Taunton Deane','LEP34',NULL,'K'),
        ('40UF','West Somerset','LEP34',NULL,'K'),
        ('41UB','Cannock Chase','LEP03','LEP25','F'),
        ('41UC','East Staffordshire','LEP03','LEP25','F'),
        ('41UD','Lichfield','LEP03','LEP25','F'),
        ('41UE','Newcastle-under-Lyme','LEP25',NULL,'F'),
        ('41UF','South Staffordshire','LEP25',NULL,'F'),
        ('41UG','Stafford','LEP25',NULL,'F'),
        ('41UH','Staffordshire Moorlands','LEP25',NULL,'F'),
        ('41UK','Tamworth','LEP03','LEP25','F'),
        ('42UB','Babergh','LEP18',NULL,'G'),
        ('42UC','Forest Heath','LEP10','LEP18','G'),
        ('42UD','Ipswich','LEP18',NULL,'G'),
        ('42UE','Mid Suffolk','LEP18',NULL,'G'),
        ('42UF','St Edmundsbury','LEP10','LEP18','G'),
        ('42UG','Suffolk Coastal','LEP18',NULL,'G'),
        ('42UH','Waveney','LEP18',NULL,'G'),
        ('43UB','Elmbridge','LEP09',NULL,'J'),
        ('43UC','Epsom and Ewell','LEP05',NULL,'J'),
        ('43UD','Guildford','LEP09',NULL,'J'),
        ('43UE','Mole Valley','LEP05',NULL,'J'),
        ('43UF','Reigate and Banstead','LEP05',NULL,'J'),
        ('43UG','Runnymede','LEP09',NULL,'J'),
        ('43UH','Spelthorne','LEP09',NULL,'J'),
        ('43UJ','Surrey Heath','LEP09',NULL,'J'),
        ('43UK','Tandridge','LEP05',NULL,'J'),
        ('43UL','Waverley','LEP09',NULL,'J'),
        ('43UM','Woking','LEP09',NULL,'J'),
        ('44UB','North Warwickshire','LEP07',NULL,'F'),
        ('44UC','Nuneaton and Bedworth','LEP07',NULL,'F'),
        ('44UD','Rugby','LEP07',NULL,'F'),
        ('44UE','Stratford-on-Avon','LEP07',NULL,'F'),
        ('44UF','Warwick','LEP07',NULL,'F'),
        ('45UB','Adur','LEP05',NULL,'J'),
        ('45UC','Arun','LEP05',NULL,'J'),
        ('45UD','Chichester','LEP05',NULL,'J'),
        ('45UE','Crawley','LEP05',NULL,'J'),
        ('45UF','Horsham','LEP05',NULL,'J'),
        ('45UG','Mid Sussex','LEP05',NULL,'J'),
        ('45UH','Worthing','LEP05',NULL,'J'),
        ('47UB','Bromsgrove','LEP03','LEP29','F'),
        ('47UC','Malvern Hills','LEP29',NULL,'F'),
        ('47UD','Redditch','LEP03','LEP29','F'),
        ('47UE','Worcester','LEP29',NULL,'F'),
        ('47UF','Wychavon','LEP29',NULL,'F'),
        ('47UG','Wyre Forest','LEP03','LEP29','F');
